site_no	station_nm	dd_nu	parameter_cd	result_dt	result_tz_cd	result_va	result_cd	result_md
0204382800	PASQUOTANK RIVER NEAR SOUTH MILLS, NC	15	00060	2014-10-03 21:15:00	EDT	22		2014-10-03 21:28:03
02053200	POTECASI CREEK NEAR UNION, NC	01	00060	2014-10-03 21:00:00	EDT	42		2014-10-03 21:12:03
02053500	AHOSKIE CREEK AT AHOSKIE, NC	01	00060	2014-10-03 21:00:00	EDT	11		2014-10-03 21:06:04
02068500	DAN RIVER NEAR FRANCISCO, NC	01	00060	2014-10-03 20:30:00	EDT	107		2014-10-03 20:49:07
02069000	DAN RIVER AT PINE HALL, NC	01	00060	2014-10-03 21:15:00	EDT	219		2014-10-03 21:30:04
02070500	MAYO RIVER NEAR PRICE, NC	02	00060	2014-10-03 20:45:00	EDT	145		2014-10-03 20:50:04
02071000	DAN RIVER NEAR WENTWORTH, NC	02	00060	2014-10-03 20:45:00	EDT	442		2014-10-03 20:50:04
02074000	SMITH RIVER AT EDEN, NC	02	00060	2014-10-03 21:00:00	EDT	464		2014-10-03 21:10:03
02077200	HYCO CREEK NEAR LEASBURG, NC	02	00060	2014-10-03 20:45:00	EDT	1.6		2014-10-03 20:52:04
02077303	HYCO R BL ABAY D NR MCGEHEES MILL, NC	02	00060	2014-10-03 20:45:00	EDT	3.3		2014-10-03 20:52:04
02077670	MAYO CR NR BETHEL HILL, NC	01	00060	2014-10-03 20:45:00	EDT	4.8		2014-10-03 20:52:04
02080500	ROANOKE RIVER AT ROANOKE RAPIDS, NC	04	00060	2014-10-03 20:45:00	EDT	2030		2014-10-03 21:00:04
0208111310	CASHIE RIVER AT SR1257 NEAR WINDSOR, NC	02	00060	2014-10-03 21:15:00	EDT	26		2014-10-03 21:20:03
02081500	TAR RIVER NEAR TAR RIVER, NC	01	00060	2014-10-03 20:30:00	EDT	10		2014-10-03 20:49:07
02081747	TAR R AT US 401 AT LOUISBURG, NC	01	00060	2014-10-03 20:45:00	EDT	40		2014-10-03 20:58:02
02081942	TAR RIVER AT NC-581 NEAR SPRING HOPE, NC	02	00060	2014-10-03 21:15:00	EDT	160		2014-10-03 21:28:03
0208250410	TAR RIVER BELOW DAM NEAR LANGLEY CROSSROADS, NC	12	00060	2014-10-03 21:15:00	EDT	186		2014-10-03 21:26:03
02082585	TAR RIVER AT NC 97 AT ROCKY MOUNT, NC	01	00060	2014-10-03 21:00:00	EDT	219		2014-10-03 21:10:03
02082770	SWIFT CREEK AT HILLIARDSTON, NC	01	00060	2014-10-03 20:45:00	EDT	69		2014-10-03 20:58:02
02082950	LITTLE FISHING CREEK NEAR WHITE OAK, NC	01	00060	2014-10-03 21:00:00	EDT	69		2014-10-03 21:12:03
02083000	FISHING CREEK NEAR ENFIELD, NC	02	00060	2014-10-03 21:00:00	EDT	209		2014-10-03 21:04:07
02083500	TAR RIVER AT TARBORO, NC	02	00060	2014-10-03 21:15:00	EDT	1070		2014-10-03 21:35:17
02084000	TAR RIVER AT GREENVILLE, NC	16	00060	2014-10-03 20:45:00	EDT	1330		2014-10-03 21:08:03
02084160	CHICOD CR AT SR1760 NEAR SIMPSON, NC	02	00060	2014-10-03 20:45:00	EDT	18		2014-10-03 20:52:04
02084557	VAN SWAMP NEAR HOKE, NC	02	00060	2014-10-03 20:30:00	EDT	50		2014-10-03 20:49:07
02085000	ENO RIVER AT HILLSBOROUGH, NC	01	00060	2014-10-03 20:45:00	EDT	2.6		2014-10-03 20:54:04
02085070	ENO RIVER NEAR DURHAM, NC	02	00060	2014-10-03 21:15:00	EDT	9.3		2014-10-03 21:35:17
0208521324	LITTLE RIVER AT SR1461 NEAR ORANGE FACTORY, NC	02	00060	2014-10-03 21:15:00	EDT	3.2		2014-10-03 21:28:03
0208524090	MOUNTAIN CREEK AT SR1617 NR BAHAMA, NC	02	00060	2014-10-03 21:15:00	EDT	0.20		2014-10-03 21:20:03
0208524975	LITTLE R BL LITTLE R TRIB AT FAIRNTOSH, NC	02	00060	2014-10-03 20:45:00	EDT	14		2014-10-03 21:00:04
02085500	FLAT RIVER AT BAHAMA, NC	01	00060	2014-10-03 20:45:00	EDT	14		2014-10-03 20:58:02
02086500	FLAT RIVER AT DAM NEAR BAHAMA, NC	02	00060	2014-10-03 20:45:00	EDT	0.06		2014-10-03 20:58:02
02086624	KNAP OF REEDS CREEK NEAR BUTNER, NC	02	00060	2014-10-03 21:00:00	EDT	6.9		2014-10-03 21:10:03
0208675010	ELLERBE CREEK AT CLUB BOULEVARD AT DURHAM, NC	02	00060	2014-10-03 21:30:00	EDT	0.43		2014-10-03 21:35:17
02086849	ELLERBE CREEK NEAR GORMAN, NC	02	00060	2014-10-03 21:00:00	EDT	16		2014-10-03 21:10:03
02087183	NEUSE RIVER NEAR FALLS, NC	02	00060	2014-10-03 21:15:00	EDT	134		2014-10-03 21:35:17
0208726005	CRABTREE CR AT EBENEZER CHURCH RD NR RALEIGH, NC	03	00060	2014-10-03 21:00:00	EDT	36		2014-10-03 21:10:03
02087275	CRABTREE CREEK AT HWY 70 AT RALEIGH, NC	02	00060	2014-10-03 21:00:00	EDT	35		2014-10-03 21:10:03
02087324	CRABTREE CREEK AT US 1 AT RALEIGH, NC	02	00060	2014-10-03 21:15:00	EDT	48		2014-10-03 21:30:04
0208732534	PIGEON HOUSE CR AT CAMERON VILLAGE AT RALEIGH, NC	02	00060	2014-10-03 20:35:00	EDT	0.06		2014-10-03 21:04:07
0208732885	MARSH CREEK NEAR NEW HOPE, NC	03	00060	2014-10-03 21:30:00	EDT	2.4		2014-10-03 21:40:03
0208735012	ROCKY BRANCH BELOW PULLEN DRIVE AT RALEIGH, NC	05	00060	2014-10-03 21:30:00	EDT	0.40		2014-10-03 21:35:17
02087359	WALNUT CREEK AT SUNNYBROOK DRIVE NR RALEIGH, NC	02	00060	2014-10-03 21:30:00	EDT	7.5		2014-10-03 21:35:17
02087500	NEUSE RIVER NEAR CLAYTON, NC	05	00060	2014-10-03 21:15:00	EDT	376		2014-10-03 21:35:17
02087580	SWIFT CREEK NEAR APEX, NC	13	00060	2014-10-03 20:45:00	EDT	4.3		2014-10-03 21:04:07
0208758850	SWIFT CREEK NEAR MCCULLARS CROSSROADS, NC	02	00060	2014-10-03 20:45:00	EDT	4.7		2014-10-03 21:04:07
0208773375	SWIFT CREEK AT SR1555 NEAR CLAYTON, NC	11	00060	2014-10-03 21:15:00	EDT	11		2014-10-03 21:30:04
02088000	MIDDLE CREEK NEAR CLAYTON, NC	01	00060	2014-10-03 21:00:00	EDT	31		2014-10-03 21:12:03
02088383	LITTLE RIVER NEAR ZEBULON, NC	02	00060	2014-10-03 21:15:00	EDT	13		2014-10-03 21:30:04
02088500	LITTLE RIVER NEAR PRINCETON, NC	02	00060	2014-10-03 21:30:00	EDT	110		2014-10-03 21:38:04
02089000	NEUSE RIVER NEAR GOLDSBORO, NC	02	00060	2014-10-03 21:15:00	EDT	1100		2014-10-03 21:35:17
0208925200	BEAR CREEK AT MAYS STORE, NC	02	00060	2014-10-03 20:45:00	EDT	67		2014-10-03 20:50:04
02089500	NEUSE RIVER AT KINSTON, NC	02	00060	2014-10-03 21:15:00	EDT	1500		2014-10-03 21:35:17
02090380	CONTENTNEA CREEK NEAR LUCAMA, NC	01	00060	2014-10-03 21:30:00	EDT	52		2014-10-03 21:35:17
02091000	NAHUNTA SWAMP NEAR SHINE, NC	01	00060	2014-10-03 20:45:00	EDT	76		2014-10-03 20:50:04
02091500	CONTENTNEA CREEK AT HOOKERTON, NC	02	00060	2014-10-03 21:00:00	EDT	809		2014-10-03 21:12:03
02091814	NEUSE RIVER NEAR FORT BARNWELL, NC	23	00060	2014-10-03 21:30:00	EDT	3780		2014-10-03 21:40:03
02092500	TRENT RIVER NEAR TRENTON, NC	02	00060	2014-10-03 20:45:00	EDT	75		2014-10-03 20:50:04
02093000	NEW RIVER NEAR GUM BRANCH, NC	01	00060	2014-10-03 20:30:00	EDT	67		2014-10-03 20:50:04
02093800	REEDY FORK NEAR OAK RIDGE, NC	01	00060	2014-10-03 20:30:00	EDT	7.0		2014-10-03 20:49:07
02093877	BRUSH CREEK AT MUIRFIELD RD AT GREENSBORO, NC	02	00060	2014-10-03 20:30:00	EDT	3.2		2014-10-03 20:49:07
0209399200	HORSEPEN CREEK AT US 220 NR GREENSBORO, NC	02	00060	2014-10-03 20:45:00	EDT	2.2		2014-10-03 20:50:04
02094500	REEDY FORK NEAR GIBSONVILLE, NC	02	00060	2014-10-03 20:30:00	EDT	Rat		2014-10-03 20:49:07
02094659	SOUTH BUFFALO CREEK NR POMONA, NC	02	00060	2014-10-03 20:30:00	EDT	1.1		2014-10-03 20:49:07
02094770	SOUTH BUFFALO CREEK AT US 220 AT GREENSBORO, NC	03	00060	2014-10-03 20:45:00	EDT	1.1		2014-10-03 20:50:04
02094775	RYAN CREEK BELOW US 220 AT GREENSBORO, NC	03	00060	2014-10-03 20:45:00	EDT	0.06		2014-10-03 20:50:04
02095000	SOUTH BUFFALO CR NEAR GREENSBORO, NC	01	00060	2014-10-03 21:30:00	EDT	2.0		2014-10-03 21:35:17
02095181	N BUFFALO CR AT WESTOVER TERRACE AT GREENSBORO, NC	02	00060	2014-10-03 20:30:00	EDT	0.35		2014-10-03 20:49:07
02095271	NORTH BUFFALO CREEK AT CHURCH ST AT GREENSBORO, NC	03	00060	2014-10-03 20:45:00	EDT	1.3		2014-10-03 21:00:04
02095500	NORTH BUFFALO CREEK NEAR GREENSBORO, NC	01	00060	2014-10-03 20:30:00	EDT	13		2014-10-03 20:49:07
0209553650	BUFFALO CREEK AT SR2819 NR MCLEANSVILLE, NC	03	00060	2014-10-03 21:30:00	EDT	51		2014-10-03 21:35:17
02096500	HAW RIVER AT HAW RIVER, NC	01	00060	2014-10-03 20:45:00	EDT	95		2014-10-03 21:00:04
02096846	CANE CREEK NEAR ORANGE GROVE, NC	02	00060	2014-10-03 20:45:00	EDT	0.00		2014-10-03 20:56:03
02096960	HAW RIVER NEAR BYNUM, NC	02	00060	2014-10-03 20:45:00	EDT	98		2014-10-03 21:00:04
0209722970	SANDY CREEK AT CORNWALLIS RD NEAR DURHAM, NC	02	00060	2014-10-03 20:45:00	EDT	0.58		2014-10-03 20:50:04
02097280	THIRD FORK CR AT WOODCROFT PARKWAY NR BLANDS, NC	02	00060	2014-10-03 21:00:00	EDT	1.1		2014-10-03 21:10:03
02097314	NEW HOPE CREEK NEAR BLANDS, NC	02	00060	2014-10-03 20:45:00	EDT	23		2014-10-03 20:56:03
0209734440	BOLIN CREEK AT VILLAGE DRIVE AT CHAPEL HILL, NC	02	00060	2014-10-03 21:15:00	EDT	0.63		2014-10-03 21:19:05
0209741955	NORTHEAST CREEK AT SR1100 NR GENLEE, NC	02	00060	2014-10-03 20:45:00	EDT	17		2014-10-03 20:56:03
02097464	MORGAN CREEK NEAR WHITE CROSS, NC	02	00060	2014-10-03 20:45:00	EDT	0.38		2014-10-03 20:58:02
02097517	MORGAN CREEK NEAR CHAPEL HILL, NC	02	00060	2014-10-03 20:45:00	EDT	11		2014-10-03 20:58:02
0209782609	WHITE OAK CR AT MOUTH NEAR GREEN LEVEL, NC	11	00060	2014-10-03 20:45:00	EDT	Bkw		2014-10-03 20:58:02
02099000	EAST FORK DEEP RIVER NEAR HIGH POINT, NC	01	00060	2014-10-03 20:30:00	EDT	4.5		2014-10-03 20:49:07
02100500	DEEP RIVER AT RAMSEUR, NC	02	00060	2014-10-03 20:45:00	EDT	59		2014-10-03 21:00:04
0210166029	ROCKY R AT SR1300 NR CRUTCHFIELD CROSSROADS, NC	02	00060	2014-10-03 20:30:00	EDT	2.3		2014-10-03 20:49:07
02101726	ROCKY R AT US 64 NEAR SILER CITY, NC	18	00060	2014-10-03 21:30:00	EDT	2.5		2014-10-03 21:38:04
02101800	TICK CREEK NEAR MOUNT VERNON SPRINGS, NC	01	00060	2014-10-03 20:45:00	EDT	0.00		2014-10-03 20:50:04
02102000	DEEP RIVER AT MONCURE, NC	04	00060	2014-10-03 20:45:00	EDT	99		2014-10-03 21:00:04
02102192	BUCKHORN CREEK NR CORINTH, NC	01	00060	2014-10-03 21:30:00	EDT	1.6		2014-10-03 21:35:17
02102500	CAPE FEAR RIVER AT LILLINGTON, NC	04	00060	2014-10-03 21:15:00	EDT	626		2014-10-03 21:35:17
02102908	FLAT CREEK NEAR INVERNESS, NC	02	00060	2014-10-03 20:45:00	EDT	6.5		2014-10-03 21:00:04
02103000	LITTLE RIVER AT MANCHESTER, NC	01	00060	2014-10-03 21:30:00	EDT	123		2014-10-03 21:40:03
02104220	ROCKFISH CREEK AT RAEFORD, NC	02	00060	2014-10-03 21:15:00	EDT	58		2014-10-03 21:20:03
02105500	CAPE FEAR R AT WILM O HUSKE LOCK NR TARHEEL, NC	02	00060	2014-10-03 21:00:00	EDT	1230		2014-10-03 21:35:17
02105769	CAPE FEAR R AT LOCK #1 NR KELLY, NC	03	00060	2014-10-03 20:45:00	EDT	1130		2014-10-03 20:56:03
02106500	BLACK RIVER NEAR TOMAHAWK, NC	02	00060	2014-10-03 21:00:00	EDT	340		2014-10-03 21:06:04
02108000	NORTHEAST CAPE FEAR RIVER NEAR CHINQUAPIN, NC	02	00060	2014-10-03 21:30:00	EDT	613		2014-10-03 21:35:17
02109500	WACCAMAW RIVER AT FREELAND, NC	02	00060	2014-10-03 20:30:00	EDT	Rat		2014-10-03 21:35:17
02111000	YADKIN RIVER AT PATTERSON, NC	01	00060	2014-10-03 20:45:00	EDT	45		2014-10-03 21:00:04
02111180	ELK CREEK AT ELKVILLE, NC	01	00060	2014-10-03 20:45:00	EDT	52		2014-10-03 21:00:04
0211139110	YADKIN RIVER BL W KERR SCOTT DAM NEAR BUCK, NC	02	00060	2014-10-03 21:00:00	EDT	349		2014-10-03 21:19:05
02111500	REDDIES RIVER AT NORTH WILKESBORO, NC	02	00060	2014-10-03 21:00:00	EDT	85		2014-10-03 21:17:03
02112000	YADKIN RIVER AT WILKESBORO, NC	02	00060	2014-10-03 20:45:00	EDT	468		2014-10-03 20:58:02
02112120	ROARING RIVER NEAR ROARING RIVER, NC	01	00060	2014-10-03 21:00:00	EDT	Dis		2014-10-03 21:04:07
02112250	YADKIN RIVER AT ELKIN, NC	01	00060	2014-10-03 21:00:00	EDT	717		2014-10-03 21:17:03
02112360	MITCHELL RIVER NEAR STATE ROAD, NC	01	00060	2014-10-03 20:30:00	EDT	Dis		2014-10-03 20:47:08
02113850	ARARAT RIVER AT ARARAT, NC	01	00060	2014-10-03 21:30:00	EDT	161		2014-10-03 21:38:04
02114450	LITTLE YADKIN RIVER AT DALTON, NC	01	00060	2014-10-03 21:15:00	EDT	16		2014-10-03 21:28:03
02115360	YADKIN RIVER AT ENON, NC	01	00060	2014-10-03 21:00:00	EDT	1160		2014-10-03 21:17:03
02116500	YADKIN RIVER AT YADKIN COLLEGE, NC	02	00060	2014-10-03 21:00:00	EDT	1280		2014-10-03 21:17:03
02118000	SOUTH YADKIN RIVER NEAR MOCKSVILLE, NC	02	00060	2014-10-03 21:00:00	EDT	129		2014-10-03 21:04:07
02118500	HUNTING CREEK NEAR HARMONY, NC	01	00060	2014-10-03 20:30:00	EDT	78		2014-10-03 20:49:07
02120780	SECOND CREEK NEAR BARBER, NC	01	00060	2014-10-03 21:00:00	EDT	29		2014-10-03 21:06:04
02121500	ABBOTTS CREEK AT LEXINGTON, NC	04	00060	2014-10-03 21:30:00	EDT	12		2014-10-03 21:35:17
0212393300	W. BR ROCKY R B MTH OF S PRONG R NR CORNELIUS, NC	02	00060	2014-10-03 20:35:00	EDT	15		2014-10-03 20:47:08
02124080	CLARKE CREEK NEAR HARRISBURG, NC	02	00060	2014-10-03 21:20:00	EDT	6.5		2014-10-03 21:26:03
0212414900	MALLARD CR BL STONY CR NR HARRISBURG, NC	02	00060	2014-10-03 21:30:00	EDT	4.5		2014-10-03 21:36:05
0212419274	CODDLE CR AT SR 1612 NEAR DAVIDSON, NC	02	00060	2014-10-03 21:00:00	EDT	6.7		2014-10-03 21:06:04
02124269	BACK CR AT SR1173 NEAR HARRISBURG, NC	02	00060	2014-10-03 21:15:00	EDT	0.00		2014-10-03 21:20:03
0212430293	REEDY CREEK BELOW I-485 NR PINE RIDGE, NC	02	00060	2014-10-03 20:35:00	EDT	1.9		2014-10-03 20:47:08
0212430653	MCKEE CREEK AT SR2804 NR WILGROVE, NC	02	00060	2014-10-03 20:35:00	EDT	0.95		2014-10-03 20:47:08
0212433550	ROCKY R AB IRISH BUFFALO CR NR ROCKY RIVER, NC	02	00060	2014-10-03 21:15:00	EDT	55		2014-10-03 21:30:04
0212466000	CLEAR CREEK AT SR3181 NR MINT HILL, NC	02	00060	2014-10-03 20:45:00	EDT	1.5		2014-10-03 20:49:07
0212467451	GOOSE CR AT SR1524 NEAR INDIAN TRAIL, NC	02	00060	2014-10-03 21:15:00	EDT	2.8		2014-10-03 21:20:03
0212467595	GOOSE CREEK AT SR1525 NR INDIAN TRAIL, NC	02	00060	2014-10-03 21:30:00	EDT	5.3		2014-10-03 21:36:05
02124692	GOOSE CR AT FAIRVIEW, NC	02	00060	2014-10-03 21:15:00	EDT	1.8		2014-10-03 21:28:03
02126000	ROCKY RIVER NEAR NORWOOD, NC	02	00060	2014-10-03 21:00:00	EDT	162		2014-10-03 21:06:04
02128000	LITTLE RIVER NEAR STAR, NC	01	00060	2014-10-03 20:45:00	EDT	6.1		2014-10-03 20:58:02
02129000	PEE DEE R NR ROCKINGHAM, NC	02	00060	2014-10-03 21:00:00	EDT	5660		2014-10-03 21:08:03
02132320	BIG SHOE HEEL CREEK NR LAURINBURG, NC	02	00060	2014-10-03 20:45:00	EDT	40		2014-10-03 20:50:04
02133500	DROWNING CREEK NEAR HOFFMAN, NC	03	00060	2014-10-03 21:00:00	EDT	112		2014-10-03 21:10:03
02133624	LUMBER RIVER NEAR MAXTON, NC	02	00060	2014-10-03 21:00:00	EDT	230		2014-10-03 21:10:03
02134170	LUMBER RIVER AT LUMBERTON, NC	02	00060	2014-10-03 20:45:00	EDT	372		2014-10-03 21:00:04
02134480	BIG SWAMP NR TAR HEEL, NC	02	00060	2014-10-03 21:00:00	EDT	49		2014-10-03 21:12:03
02134500	LUMBER RIVER AT BOARDMAN, NC	02	00060	2014-10-03 21:00:00	EDT	563		2014-10-03 21:06:04
02137727	CATAWBA R NR PLEASANT GARDENS, NC	01	00060	2014-10-03 20:45:00	EDT	179		2014-10-03 20:52:04
02138500	LINVILLE RIVER NEAR NEBO, NC	01	00060	2014-10-03 20:45:00	EDT	61		2014-10-03 20:54:04
02138520	CATAWBA R AT SR1223 BL LK JAMES NR BRIDGEWATER, NC	11	00060	2014-10-03 21:15:00	EDT	196		2014-10-03 21:30:04
02140991	JOHNS RIVER AT ARNEYS STORE, NC	02	00060	2014-10-03 21:15:00	EDT	246		2014-10-03 21:20:03
02142000	LOWER LITTLE RIVER NR ALL HEALING SPRINGS, NC	01	00060	2014-10-03 20:30:00	EDT	25		2014-10-03 20:47:08
02142654	MCDOWELL CREEK NR HUNTERSVILLE, NC	02	00060	2014-10-03 21:25:00	EDT	16		2014-10-03 21:30:04
0214265808	TORRENCE CR AT BRADFORD HILL LN NR HUNTERSVLLE, NC	02	00060	2014-10-03 20:40:00	EDT	1.7		2014-10-03 20:49:07
0214266000	MCDOWELL CREEK NR CHARLOTTE, NC (CSW10)	02	00060	2014-10-03 20:50:00	EDT	8.7		2014-10-03 20:54:04
0214266080	GAR CREEK AT SR2074 NR CROFT, NC	02	00060	2014-10-03 21:05:00	EDT	0.62		2014-10-03 21:10:03
0214269560	KILLIAN CREEK NEAR MARIPOSA, NC	02	00060	2014-10-03 21:15:00	EDT	26		2014-10-03 21:28:03
02142900	LONG CREEK NEAR PAW CREEK, NC	01	00060	2014-10-03 20:45:00	EDT	2.3		2014-10-03 20:52:04
02142914	GUM BRANCH NEAR THRIFT, NC	02	00060	2014-10-03 21:30:00	EDT	1.3		2014-10-03 21:38:04
0214291555	LONG CREEK NR RHYNE, NC	02	00060	2014-10-03 21:25:00	EDT	4.3		2014-10-03 21:35:17
0214295600	PAW CR AT WILKINSON BLVD NR CHARLOTTE, NC	02	00060	2014-10-03 21:30:00	EDT	1.7		2014-10-03 21:36:05
0214297160	BEAVERDAM CREEK AB WINDY GAP ROAD NR SHOPTON, NC	02	00060	2014-10-03 21:30:00	EDT	0.08		2014-10-03 21:36:05
02143000	HENRY FORK NEAR HENRY RIVER, NC	01	00060	2014-10-03 21:30:00	EDT	55		2014-10-03 21:40:03
02143040	JACOB FORK AT RAMSEY, NC	02	00060	2014-10-03 21:30:00	EDT	27		2014-10-03 21:36:05
02143500	INDIAN CREEK NEAR LABORATORY, NC	02	00060	2014-10-03 21:00:00	EDT	43		2014-10-03 21:04:07
02144000	LONG CREEK NEAR BESSEMER CITY, NC	01	00060	2014-10-03 21:30:00	EDT	11		2014-10-03 21:38:04
02145000	SOUTH FORK CATAWBA RIVER AT LOWELL, NC	02	00060	2014-10-03 21:15:00	EDT	353		2014-10-03 21:35:17
02146211	IRWIN CR AT STATESVILLE AVE AT CHARLOTTE, NC	02	00060	2014-10-03 21:30:00	EDT	0.90		2014-10-03 21:38:04
0214627970	STEWART CREEK AT STATE ST AT CHARLOTTE, NC	02	00060	2014-10-03 21:30:00	EDT	6.5		2014-10-03 21:38:04
02146285	STEWART CREEK AT WEST MOREHEAD ST AT CHARLOTTE, NC	02	00060	2014-10-03 21:30:00	EDT	7.1		2014-10-03 21:38:04
02146300	IRWIN CREEK NEAR CHARLOTTE, NC	01	00060	2014-10-03 21:30:00	EDT	12		2014-10-03 21:36:05
02146315	TAGGART CREEK AT WEST BOULEVARD NR CHARLOTTE, NC	02	00060	2014-10-03 21:30:00	EDT	1.0		2014-10-03 21:36:05
02146348	COFFEY CREEK NR CHARLOTTE, NC	02	00060	2014-10-03 21:30:00	EDT	0.88		2014-10-03 21:38:04
02146381	SUGAR CREEK AT NC 51 NEAR PINEVILLE, NC	02	00060	2014-10-03 21:30:00	EDT	29		2014-10-03 21:38:04
02146409	LTL SUGAR CR AT MEDICAL CENTER DR AT CHARLOTTE, NC	02	00060	2014-10-03 21:30:00	EDT	5.7		2014-10-03 21:36:05
0214642825	BRIAR CREEK NEAR CHARLOTTE, NC	02	00060	2014-10-03 21:30:00	EDT	0.94		2014-10-03 21:38:04
0214643820	EDWARDS BRANCH AT SHEFFIELD DR AT CHARLOTTE, NC	02	00060	2014-10-03 21:30:00	EDT	0.11		2014-10-03 21:38:04
0214645022	BRIAR CR ABOVE COLONY RD AT CHARLOTTE, NC	02	00060	2014-10-03 21:30:00	EDT	3.3		2014-10-03 21:38:04
0214645075	TRIB TO BRIAR CREEK AT COLONY RD AT CHARLOTTE, NC	02	00060	2014-10-03 21:30:00	EDT	0.12		2014-10-03 21:38:04
0214645080	TRIB TO BRIAR CR AT RUNNYMEDE LN AT CHARLOTTE, NC	02	00060	2014-10-03 21:30:00	EDT	0.17		2014-10-03 21:36:05
02146470	LITTLE HOPE CR AT SENECA PLACE AT CHARLOTTE, NC	03	00060	2014-10-03 21:30:00	EDT	0.36		2014-10-03 21:38:04
02146507	LITTLE SUGAR C AT ARCHDALE DR AT CHARLOTTE, NC	01	00060	2014-10-03 21:30:00	EDT	34		2014-10-03 21:38:04
02146530	LITTLE SUGAR CREEK AT PINEVILLE, NC	02	00060	2014-10-03 21:30:00	EDT	31		2014-10-03 21:38:04
0214655255	MCALPINE CREEK AT SR3150 NR IDLEWILD, NC	02	00060	2014-10-03 21:15:00	EDT	0.98		2014-10-03 21:20:03
02146562	CAMPBELL CREEK NR CHARLOTTE, NC	02	00060	2014-10-03 21:30:00	EDT	0.95		2014-10-03 21:38:04
0214657975	IRVINS CREEK AT SR3168 NR CHARLOTTE, NC	02	00060	2014-10-03 21:30:00	EDT	0.45		2014-10-03 21:38:04
02146600	MCALPINE CR AT SARDIS ROAD NEAR CHARLOTTE, NC	01	00060	2014-10-03 21:30:00	EDT	4.0		2014-10-03 21:38:04
02146700	MCMULLEN CR AT SHARON VIEW RD NEAR CHARLOTTE, NC	01	00060	2014-10-03 21:30:00	EDT	2.2		2014-10-03 21:38:04
02146750	MCALPINE CR BELOW MCMULLEN CR NR PINEVILLE, NC	01	00060	2014-10-03 21:30:00	EDT	6.8		2014-10-03 21:38:04
0214676115	MCALPINE CREEK AT SR2964 NR CAMP COX, SC	02	00060	2014-10-03 21:15:00	EDT	87		2014-10-03 21:20:03
0214678175	STEELE CREEK AT SR1441 NR PINEVILLE, NC	02	00060	2014-10-03 21:30:00	EDT	0.60		2014-10-03 21:38:04
0214685800	SIX MILE CREEK NEAR PINEVILLE, NC	02	00060	2014-10-03 20:40:00	EDT	1.7		2014-10-03 20:49:07
02147126	WAXHAW CREEK AT SR1103 NEAR JACKSON, NC	02	00060	2014-10-03 21:15:00	EDT	2.4		2014-10-03 21:35:17
02149000	COVE CREEK NEAR LAKE LURE, NC	01	00060	2014-10-03 21:30:00	EDT	84		2014-10-03 21:36:05
02150495	SECOND BROAD RIVER NR LOGAN, NC	02	00060	2014-10-03 20:45:00	EDT	68		2014-10-03 20:52:04
02151500	BROAD RIVER NEAR BOILING SPRINGS, NC	02	00060	2014-10-03 21:15:00	EDT	1050		2014-10-03 21:24:03
02152100	FIRST BROAD RIVER NEAR CASAR, NC	01	00060	2014-10-03 21:30:00	EDT	59		2014-10-03 21:40:03
02152474	FIRST BROAD RIVER AT LAWNDALE, NC	02	00060	2014-10-03 21:15:00	EDT	136		2014-10-03 21:20:03
03161000	SOUTH FORK NEW RIVER NEAR JEFFERSON, NC	02	00060	2014-10-03 21:30:00	EDT	194		2014-10-03 21:36:05
03439000	FRENCH BROAD RIVER AT ROSMAN, NC	02	00060	2014-10-03 21:15:00	EDT	161		2014-10-03 21:20:03
03441000	DAVIDSON RIVER NEAR BREVARD, NC	01	00060	2014-10-03 21:30:00	EDT	90		2014-10-03 21:38:04
03443000	FRENCH BROAD RIVER AT BLANTYRE, NC	02	00060	2014-10-03 21:30:00	EDT	480		2014-10-03 21:40:03
03446000	MILLS RIVER NEAR MILLS RIVER, NC	02	00060	2014-10-03 21:30:00	EDT	144		2014-10-03 21:38:04
03447687	FRENCH BROAD RIVER NEAR FLETCHER, NC	11	00060	2014-10-03 20:45:00	EDT	792		2014-10-03 20:49:07
0344894205	NORTH FORK SWANNANOA RIVER NEAR WALKERTOWN, NC	02	00060	2014-10-03 20:45:00	EDT	20		2014-10-03 20:54:04
03450000	BEETREE CREEK NEAR SWANNANOA, NC	02	00060	2014-10-03 21:30:00	EDT	5.3		2014-10-03 21:38:04
03451000	SWANNANOA RIVER AT BILTMORE, NC	01	00060	2014-10-03 21:00:00	EDT	89		2014-10-03 21:06:04
03451500	FRENCH BROAD RIVER AT ASHEVILLE, NC	02	00060	2014-10-03 21:00:00	EDT	869		2014-10-03 21:06:04
03453000	IVY RIVER NEAR MARSHALL, NC	02	00060	2014-10-03 21:30:00	EDT	35		2014-10-03 21:38:04
03453500	FRENCH BROAD RIVER AT MARSHALL, NC	02	00060	2014-10-03 21:00:00	EDT	941		2014-10-03 21:14:04
03454500	FRENCH BROAD RIVER AT HOT SPRINGS, NC	02	00060	2014-10-03 21:15:00	EDT	755		2014-10-03 21:26:03
03455500	W F PIGEON R ABOVE LAKE LOGAN NR HAZELWOOD, NC	01	00060	2014-10-03 21:30:00	EDT	57		2014-10-03 21:36:05
0345577330	WEST FORK PIGEON RIVER NEAR RETREAT, NC	02	00060	2014-10-03 21:30:00	EDT	82		2014-10-03 21:36:05
03456100	WEST FORK PIGEON RIVER AT BETHEL, NC	01	00060	2014-10-03 21:30:00	EDT	121		2014-10-03 21:36:05
03456500	EAST FORK PIGEON RIVER NEAR CANTON, NC	02	00060	2014-10-03 21:30:00	EDT	104		2014-10-03 21:38:04
03456991	PIGEON RIVER NEAR CANTON, NC	02	00060	2014-10-03 21:00:00	EDT	123		2014-10-03 21:14:04
03459500	PIGEON RIVER NEAR HEPCO, NC	02	00060	2014-10-03 21:30:00	EDT	238		2014-10-03 21:35:17
03460000	CATALOOCHEE CREEK NEAR CATALOOCHEE, NC	02	00060	2014-10-03 21:30:00	EDT	46		2014-10-03 21:38:04
03460795	PIGEON R BL POWER PLANT NR WATERVILLE, NC	02	00060	2014-10-03 21:15:00	EDT	216		2014-10-03 21:20:03
03463300	SOUTH TOE RIVER NEAR CELO, NC	02	00060	2014-10-03 21:30:00	EDT	106		2014-10-03 21:38:04
03479000	WATAUGA RIVER NEAR SUGAR GROVE, NC	02	00060	2014-10-03 21:30:00	EDT	46		2014-10-03 21:35:17
03500000	LITTLE TENNESSEE RIVER NEAR PRENTISS, NC	02	00060	2014-10-03 21:30:00	EDT	404		2014-10-03 21:38:04
03500240	CARTOOGECHAYE CREEK NEAR FRANKLIN, NC	01	00060	2014-10-03 20:45:00	EDT	75		2014-10-03 20:58:02
03501500	LITTLE TENNESSEE R AT FRANKLIN, NC	01	00060	2014-10-03 21:00:00	EDT	863		2014-10-03 21:19:05
03501975	LITTLE TENNESSEE RIVER AB NC HWY 28 AT IOTLA, NC	02	00060	2014-10-03 21:15:00	EDT	763		2014-10-03 21:22:04
03503000	LITTLE TENNESSEE RIVER AT NEEDMORE, NC	01	00060	2014-10-03 21:15:00	EDT	395		2014-10-03 21:24:03
03504000	NANTAHALA RIVER NEAR RAINBOW SPRINGS, NC	02	00060	2014-10-03 20:30:00	EDT	136		2014-10-03 20:47:08
03505550	NANTAHALA RIVER NEAR HEWITT, NC	02	00060	2014-10-03 21:30:00	EDT	86		2014-10-03 21:35:17
03508050	TUCKASEGEE RIVER AT SR 1172 NR CULLOWHEE, NC	02	00060	2014-10-03 21:15:00	EDT	293		2014-10-03 21:35:17
03510577	TUCKASEGEE RIVER AT BARKER'S CREEK, NC	02	00060	2014-10-03 21:15:00	EDT	552		2014-10-03 21:35:17
03512000	OCONALUFTEE RIVER AT BIRDTOWN, NC	01	00060	2014-10-03 20:30:00	EDT	208		2014-10-03 20:47:08
03513000	TUCKASEGEE RIVER AT BRYSON CITY, NC	01	00060	2014-10-03 21:15:00	EDT	650		2014-10-03 21:28:03
0351706800	CHEOAH RIVER NR BEARPEN GAP NR TAPOCO, NC	02	00060	2014-10-03 21:00:00	EDT	117		2014-10-03 21:19:05
03550000	VALLEY RIVER AT TOMOTLA, NC	02	00060	2014-10-03 21:30:00	EDT	121		2014-10-03 21:38:04
